Job Details,Company Name,Location,Job Description,Skills,More Info
['Python Developer'],['SEVEN CONSULTANCY'],"['Navi Mumbai,  Mumbai']",['JOB DETAILSMin 3 year experience in Python applications related to data management.Postgres DB experience 3 yearsSQL ExperienceExperience in managing importing / exporting lar... More Details'],"['python  ,  mvc  ,  sql']",['https://www.timesjobs.com/job-detail/python-developer-seven-consultancy-navi-mumbai-mumbai-4-to-7-yrs-jobid-0G31Tk__PLUS__cdIVzpSvf__PLUS__uAgZw==&source=srp']
['Python Developer'],['LAKSH HUMAN RESOURCE'],['Mumbai'],"['Powai ,  Mumbai Python Developer Experience : 1 to 3 yrs Skills Required : Job Summary : 1. Should have extensive knowledge of Python ,  Django frameowrk ,  REST APIs. 2. Shou... More Details']","['rest  ,  python  ,  django  ,  git']",['https://www.timesjobs.com/job-detail/python-developer-laksh-human-resource-mumbai-1-to-3-yrs-jobid-lcbCfP6ryjlzpSvf__PLUS__uAgZw==&source=srp']
['Python Developer'],['Datagrid Solutions'],['Mumbai'],"['Write well designed and optimized codeContribute in all phases of development lifecycle - troubleshoot ,  test and maintain the core product and database to ensure strong opti... More Details']","['python  ,  database  ,  django  ,  mysql  ,  api']",['https://www.timesjobs.com/job-detail/python-developer-datagrid-solutions-mumbai-2-to-3-yrs-jobid-N84nwwbteV9zpSvf__PLUS__uAgZw==&source=srp']
['Python Developer'],['art technology and software india pvt ltd'],['Cochin/ Kochi/ Ernakulam'],['ResponsibilitiesIn-depth knowledge of Python and Django framework 2  yr experience - Must HaveAPI design based on RESTBuild scalable and performance application with large dat... More Details'],"['rest  ,  python  ,  database  ,  django  ,  api']",['https://www.timesjobs.com/job-detail/python-developer-art-technology-and-software-india-pvt-ltd-cochin-kochi-ernakulam-2-to-3-yrs-jobid-dt7xm5__PLUS__70YNzpSvf__PLUS__uAgZw==&source=srp']
['PYTHON DEVELOPER'],['DREAMAJAX TECHNOLOGIES'],['Bengaluru / Bangalore'],"['PYTHON DEVELOPER B.E  /  B.Tech  /  MCA  /  M.Sc. ,  or equivalent with 4  years of Strong Experience as a Python developerStrong hands on experience on Core Python ,  Django ... More Details']","['python  ,  django  ,  api  ,  sql  ,  nosql']",['https://www.timesjobs.com/job-detail/python-developer-dreamajax-technologies-bengaluru-bangalore-4-to-7-yrs-jobid-Hs4abto1XwBzpSvf__PLUS__uAgZw==&source=srp']
['Python Developer'],['zenga tv'],['Gurgaon'],"['Python Developer > GurgaonPositions: 4 Experience Required: 2  Years Responsibilities :Translate application storyboards and use cases into functional applicationsDesign ,  bu... More Details']","['python  ,  django  ,  html5  ,  javascript']",['https://www.timesjobs.com/job-detail/python-developer-zenga-tv-gurgaon-2-to-5-yrs-jobid-wV__PLUS__8zsbW__SLASH__E1zpSvf__PLUS__uAgZw==&source=srp']
['PYTHON Developer'],['INFINITY GROUP'],['Noida/Greater Noida'],"['DescriptionPosition: PYTHON DeveloperNo. of Requirement: 02- One for Fresher  ( Stipend ) - One for ExperienceEducation: B.Tech ,  M.Tech ,  BCA ,  MCA ,  Bsc  ( Computer ) Ex... More Details']","['python  ,  css  ,  django  ,  html  ,  bootstrap']",['https://www.timesjobs.com/job-detail/python-developer-infinity-group-noida-greater-noida-2-to-5-yrs-jobid-RFW1cJjYuEBzpSvf__PLUS__uAgZw==&source=srp']
['Python Developer'],['SEVEN CONSULTANCY'],['Surat'],['JOB DETAILSCoordinating with development teams to determine application requirementsWriting scalable code using Python programming languageTesting and debugging applicationsDe... More Details'],"['Python programming  ,  programming language  ,  front-end developer']",['https://www.timesjobs.com/job-detail/python-developer-seven-consultancy-surat-9-to-12-yrs-jobid-azMtMMTqiV9zpSvf__PLUS__uAgZw==&source=srp']
['Python Developer'],['websharan infotech'],['Pune'],"['JOB DESCRIPTION 1. Design software solution by analyzing problem definition. Develops moderately complex software using python if necessary shell script ,  or other selected l... More Details']","['python  ,  problem solving  ,  software project  ,  software engineering']",['https://www.timesjobs.com/job-detail/python-developer-websharan-infotech-pune-0-to-3-yrs-jobid-wz9RE3ThWOFzpSvf__PLUS__uAgZw==&source=srp']
['Python Developer'],['young minds technology solutions pvt ltd'],['Tirupati'],"['Roles  &  ResponsibilitiesWrite reusable ,  testable ,  and efficient codeDesign and implement of low-latency ,  high-availability ,  and performant applicationsIntegration of... More Details']","['python  ,  html5  ,  storage  ,  javascript  ,  security  ,  django']",['https://www.timesjobs.com/job-detail/python-developer-young-minds-technology-solutions-pvt-ltd-tirupati-0-to-3-yrs-jobid-CvErZkX__PLUS__W5ZzpSvf__PLUS__uAgZw==&source=srp']
['Python Developer'],['epixel software pvt ltd'],"['Delhi,  Delhi/NCR']",['Qualification - 1-3 years of experience with Python and Django development - Strong knowledge of Python programming language and web frameworks  ( Django preferred )  - Experi... More Details'],"['python  ,  css  ,  javascript  ,  django  ,  postgresql  ,  html  ,  mysql']",['https://www.timesjobs.com/job-detail/python-developer-epixel-software-pvt-ltd-delhi-delhi-ncr-1-to-3-yrs-jobid-XUB5iT7tEDFzpSvf__PLUS__uAgZw==&source=srp']
['Python Developer'],['xonier technologies pvt ltd'],['Noida/Greater Noida'],['Roles and ResponsibilitiesCoordinating with development teams to determine application requirements.Writing scalable code using Python programming language.Testing and debuggi... More Details'],"['python  ,  django  ,  testing tools  ,  debugging  ,  storage']",['https://www.timesjobs.com/job-detail/python-developer-xonier-technologies-pvt-ltd-noida-greater-noida-2-to-5-yrs-jobid-znr88RYcL8FzpSvf__PLUS__uAgZw==&source=srp']
['Python Developer'],['DealsCorner'],['Ahmedabad'],"['Python Developer Min. Experience: 1 YearsLocation: Ahmedabad ,  Gujarat ,  IndiaQualities:Clear thinker with the ability to simplify and explain process / flow in clear verbat... More Details']","['python  ,  css  ,  oops  ,  linux  ,  debugging  ,  html  ,  javascript']",['https://www.timesjobs.com/job-detail/python-developer-dealscorner-ahmedabad-1-to-4-yrs-jobid-s__PLUS__qi__SLASH__K9NUZtzpSvf__PLUS__uAgZw==&source=srp']
['Python Developer'],['tataatsu idealabs pvt. ltd.'],['Bengaluru / Bangalore'],"['Number of positions  2 1-3 years of hands on Python server-side developmentExperience in using AWS Cloud ,  Linux and deployment environmentPreferrable experience in one or mo... More Details']","['oop  ,  python  ,  linux  ,  team player  ,  mongodb  ,  sql']",['https://www.timesjobs.com/job-detail/python-developer-tataatsu-idealabs-pvt-ltd-bengaluru-bangalore-1-to-3-yrs-jobid-arJp2piT6RpzpSvf__PLUS__uAgZw==&source=srp']
['Python Developer'],['Parahit Technologies Limited'],['Delhi'],"['Python ,  Django ,  HTML ,  JavaScriptMust have practical knowledge of coding in Python / Django framework.can deal with JavaScript coding involving AJAX / JSON / XML web serv... More Details']","['python  ,  django  ,  json  ,  html  ,  ajax  ,  javascript']",['https://www.timesjobs.com/job-detail/python-developer-parahit-technologies-limited-delhi-0-to-3-yrs-jobid-ghvv3ZXK__SLASH__DJzpSvf__PLUS__uAgZw==&source=srp']
['Python Developer'],['glan management consultancy pvt. ltd.'],['Noida/Greater Noida'],"['We are hiring a Python Developer with minimum 4 to 5 years of experience in building highly scalable solutions based on a micro services architecture ,  you wi... More Details']","['python  ,  rdbms  ,  mysql  ,  cloud computing  ,  docker  ,  sql']",['https://www.timesjobs.com/job-detail/python-developer-glan-management-consultancy-pvt-ltd-noida-greater-noida-5-to-8-yrs-jobid-6FtL5OMundVzpSvf__PLUS__uAgZw==&source=srp']
['Python Developer'],['InnOvator Web Solutions Pvt.Ltd.'],['Mumbai'],['Job Category: DevelopmentJob Type: Full TimeJob Location: Malad  ( W ) We are looking for a Python Web Developer responsible for managing the interchange of data between the s... More Details'],"['rest  ,  python  ,  django  ,  web developer  ,  mysql  ,  api']",['https://www.timesjobs.com/job-detail/python-developer-innovator-web-solutions-pvt-ltd-mumbai-5-to-8-yrs-jobid-1HLl__SLASH__hHkoPZzpSvf__PLUS__uAgZw==&source=srp']
['Python Developer'],['Analytics Vidhya'],['Gurgaon'],['Python Developer- Gurgaon-  ( 3  Years of Experience ) Python Developer- Gurgaon-  ( 3  Years of Experience )  A Client of Analytics VidhyaGurugram INR 3 - 10 LPA Experience :... More Details'],"['python  ,  css  ,  html5  ,  html  ,  ajax  ,  javascript']",['https://www.timesjobs.com/job-detail/python-developer-analytics-vidhya-gurgaon-5-to-8-yrs-jobid-2JtcP3lzNLVzpSvf__PLUS__uAgZw==&source=srp']
['Python Developer'],['Sourcedesk Global Private Limited'],['Kolkata'],['Sourcedesk Global is looking for an experienced Python developer to join our engineering team and help us create dynamic software applications for our clients. To be successfu... More Details'],"['html5  ,  storage  ,  python  ,  javascript  ,  django  ,  infrastructure']",['https://www.timesjobs.com/job-detail/python-developer-sourcedesk-global-private-limited-kolkata-3-to-15-yrs-jobid-4ReEg11rpAFzpSvf__PLUS__uAgZw==&source=srp']
['Python Developer'],['day1 technologies'],['Bengaluru / Bangalore'],"['Reading Time: Less than 1 minuteJob Requirement:Very good object-oriented Python3 knowledgeExperience in Django ORMGood knowledge of GitKnowledge of Python Pandas ,  SQL ,  Po... More Details']","['rest  ,  python  ,  django  ,  git  ,  postgresql  ,  sql  ,  docker']",['https://www.timesjobs.com/job-detail/python-developer-day1-technologies-bengaluru-bangalore-2-to-3-yrs-jobid-g1__PLUS__1CKjwSpxzpSvf__PLUS__uAgZw==&source=srp']
['Python Developer'],['Wing Global IT Services'],['Panchkula'],['Qualifications: Graduation completedSkills required:Strong skills in Java coding with Spring Boot  & amp; Hibernate / JPA.Good knowledge of Django framework.server knowledge w... More Details'],"['spring boot  ,  python  ,  java  ,  django  ,  jpa  ,  hibernate']",['https://www.timesjobs.com/job-detail/python-developer-wing-global-it-services-panchkula-2-to-5-yrs-jobid-JnwYkfizER5zpSvf__PLUS__uAgZw==&source=srp']
['Python Developer'],['NTT Data Vertex Software Inc.'],['Hyderabad/Secunderabad'],"[': Python DeveloperDate: Mar 29 ,  2024Location: Hyderabad ,  TG ,  INCompany: NTT DATA ServicesReq ID: 275380NTT DATA Services strives to hire exceptional ,  innovative and pa... More Details']","['python programming  ,   nodejs  ,   agile methodologies  ,   communication  ,   software development   ,  technology consulting']",['https://www.timesjobs.com/job-detail/python-developer-ntt-data-vertex-software-inc-hyderabad-secunderabad-3-to-9-yrs-jobid-__SLASH__5ovV0qYhwhzpSvf__PLUS__uAgZw==&source=srp']
['Python Developer'],['Think Future Technologies Pvt Ltd'],['Gurgaon'],"['2  years Python Developer Gurgaon Python ,  Django ,  MVC / MVT ,  OOPs ,  Javascript ,  AWSExp: 2  yearsLocation: GurgaonSkill-sets:Python ,  Django ,  MVC / MVT ,  OOPs ,  J... More Details']","['python  ,  css  ,  django  ,  git  ,  oops  ,  linux  ,  svn  ,  mvc  ,  javascript']",['https://www.timesjobs.com/job-detail/python-developer-think-future-technologies-pvt-ltd-gurgaon-2-to-5-yrs-jobid-7HxHl3prOpBzpSvf__PLUS__uAgZw==&source=srp']
['Python Development'],['galtech technologies pvt. ltd.'],['Thrissur'],['We seek Python development trainees to join our team.Requirements1. Basic knowledge of any programming language2. Ability to quickly adapt and learn new technologies3. Qualifi... More Details'],"['python  ,  css  ,  django  ,  web technologies  ,  mobile  ,  html  ,  mysql  ,  javascript']",['https://www.timesjobs.com/job-detail/python-development-galtech-technologies-pvt-ltd-thrissur-0-to-3-yrs-jobid-i9M4__SLASH__OiAfgtzpSvf__PLUS__uAgZw==&source=srp']
['Python Engineer'],['Analytics Vidhya'],"['Gurgaon,  Mumbai,  Bengaluru / Bangalore']","['Must have knowledge of Python  &  good to have JavaMust have knowledge of ML techniques ,  design and implementation experience around custom deep learning models trained on b... More Details']","['python  ,  machine learning  ,  java  ,  apache  ,  git  ,  digitization  ,  technical skills']",['https://www.timesjobs.com/job-detail/python-engineer-analytics-vidhya-gurgaon-mumbai-bengaluru-bangalore-3-to-6-yrs-jobid-5TNTX__PLUS__KIwxFzpSvf__PLUS__uAgZw==&source=srp']
